{
  "Component-dbg.js": 1704285187959,
  "controller/View1.controller.js": 1703147274080,
  "model/models.js": 1703145977739,
  "controller/formatter.js": 1704352664030,
  "manifest.json": 1704434334595,
  "controller/ASNReportView.controller.js": 1704354622298,
  "controller/ASNReportDetail.controller.js": 1704368236952,
  "Component.js": 1704285187959,
  "Component-preload.js": 1704434335053,
  "model/models-dbg.js": 1703145977739,
  "controller/formatter-dbg.js": 1704352664030,
  "controller/View1-dbg.controller.js": 1703147274080,
  "controller/ASNReportView-dbg.controller.js": 1704354622298,
  "controller/ASNReportDetail-dbg.controller.js": 1704368236952,
  "i18n/i18n.properties": 1703146297288,
  "view/View1.view.xml": 1703147054043,
  "view/ASNReportView.view.xml": 1704353401528,
  "view/ASNReportDetail.view.xml": 1704368419847,
  "css/style.css": 1704365121604,
  "index.html": 1703146297288
}