{
  "controller/formatter-dbg.js": 1705429881411,
  "model/models.js": 1703145977739,
  "manifest.json": 1714641474223,
  "controller/formatter.js": 1705429881411,
  "controller/View1.controller.js": 1703147274080,
  "controller/ASNReportView.controller.js": 1714637433678,
  "controller/ASNReportDetail.controller.js": 1714624283182,
  "Component.js": 1714196026264,
  "Component-preload.js": 1714641474824,
  "i18n/i18n.properties": 1708066184681,
  "model/models-dbg.js": 1703145977739,
  "controller/View1-dbg.controller.js": 1703147274080,
  "controller/ASNReportView-dbg.controller.js": 1714637433678,
  "controller/ASNReportDetail-dbg.controller.js": 1714624283182,
  "Component-dbg.js": 1714196026264,
  "view/View1.view.xml": 1703147054043,
  "view/ASNReportView.view.xml": 1714641435121,
  "view/ASNReportDetail.view.xml": 1714135222760,
  "css/style.css": 1709034763877,
  "index.html": 1703146297288
}